5,223,237,382,393,395,411
6,466,472,475,486
7,5578,5585
12,5218,5225
14,1595,1603
17,417,426,3296,3306
18,4054,4061
19,1649,1663,1689,1707,1721,1742
20,476,483
28,179,186
29,748,755
29,878,885
29,161,173
33,1829,1837,2028,2036,2143,2156,2256,2263
35,5494,5501
40,625,659
41,1497,1533
44,538,545,570,577
44,610,617,1468,1475,1477,1484
45,268,282
46,717,735,1217,1225,1295,1302,1403,1427
50,483,491,531,542,550,559,569,587,592,609
51,429,438,463,472,510,526,531,540,598,606,607,661
52,3999,4010,4011,4018
56,80,90,94,101
58,147,153,213,223
58,1955,1962
58,1832,1839,2251,2258,2268,2275
58,2236,2243,2244,2253
58,1399,1406
58,2516,2523,2617,2625,2631,2646,2669,2676,2679,2686,2702,2712,2935,2941,2960,2966,3045,3052,3115,3122,3184,3191
58,365,372,373,380,384,401,439,446,589,602,2040,2047,2391,2397
58,2086,2111,3828,3839
58,572,579,603,611
58,528,537
58,4766,4775,5696,5709,5859,5869,5879,5889
58,548,555,2265,2271
60,1301,1313
61,2205,2213,2236,2244,2265,2272,2298,2307,2351,2358,2363,2372,2378,2393
63,611,620,624,631,638,645
72,560,566,570,577
73,299,317,319,337
79,1546,1552
82,244,254
83,2999,3025,3082,3090,3096,3133,3155,3179
86,2181,2187,2206,2214,2215,2230,2251,2261,2282,2289,2399,2406
89,1751,1758,3707,3714,3827,3835
91,243,252
95,1135,1146,1172,1183
96,260,267,274,282,284,291,292,299,301,313,323,329,330,342,351,366,378,384,385,404
98,456,464
100,145,178
103,789,802
104,409,417
110,375,382
117,17,28,209,216,342,352,366,373,382,396,451,481,488,515
120,92,101,109,115,126,141,148,159,165,178
127,105,122,150,156
130,215,222,1362,1414,1429,1455,1780,1819
132,1230,1237,1241,1248
136,948,955
137,1440,1447
138,2452,2459,2463,2472,2483,2493
139,2452,2459,2463,2472,2483,2493
142,476,487,532,542,560,575,583,601
147,4395,4402,4404,4410
150,171,178
150,45,63,68,82,3297,3304
150,13,26,458,475,557,645,648,665,676,683,761,769,771,821
151,96,103,156,163
152,479,486,496,503,551,558,562,570
153,344,351,428,449,477,484
161,1726,1733,1747,1760
169,1189,1203
202,714,720,971,978,999,1006
202,783,790,880,887,1225,1235
204,69,78,169,176,196,210,247,255,305,316,318,326,332,343,351,358,368,375,400,408,421,434,435,442,453,460,488,501,513,520,574,581,605,612,632,639,647,654,718,735,1033,1040,1087,1094,1129,1136,1173,1182,1212,1219,1235,1246,1247,1259,1263,1270,1291,1312,1314,1321,1335,1342,1343,1353
208,162,169,240,249
210,1773,1782
217,111,118
218,1863,1870,2065,2088
223,24,31,38,49,51,66,84,100,106,135,173,211,221,234,288,295,299,312,334,342,343,355,371,391,396,423,424,433,446,464,469,476,480,487,554,576,610,618,640,660,699,706,715,722,730,737,738,752,831,839,1053,1060,1068,1075,1319,1326,1333,1340,1695,1702,1752,1811,1827,1838,1857,1865,1877,1885,1887,1894,1907,1914,1942,1959,1982,1989,2001,2008,2037,2044,2598,2605,2659,2663
228,846,854,861,869,877,885,894,902,912,920,930,938,949,957
232,121,128
237,38,45,304,311,334,341,371,378,398,405,463,469,482,489,604,615,702,709,782,789,1748,1755,1869,1876,2031,2038,2355,2362,2651,2655
239,227,234
243,13,20
